{
  "complex": "NSP12-NSP8",
  "primary_pdb": "7BV2",
  "hotspots_NSP12": [
    387,
    129,
    389,
    271,
    330,
    131,
    380,
    523,
    91,
    87,
    332,
    95,
    117,
    517,
    99,
    273,
    328,
    340,
    128,
    121,
    80,
    115,
    79
  ],
  "hotspots_NSP8": [
    117,
    129,
    80,
    115,
    131,
    112,
    91,
    87,
    116,
    95,
    98,
    83,
    128,
    90,
    121,
    99,
    119,
    122,
    120,
    79,
    118
  ],
  "salt_bridges_all": {
    "LYS332\u2014ASP99": [
      [
        "7BV2",
        3.890000104904175
      ],
      [
        "7C2K",
        4.940000057220459
      ],
      [
        "AF3",
        3.7200000286102295
      ]
    ],
    "ASP523\u2014ARG80": [
      [
        "7BV2",
        3.5799999237060547
      ],
      [
        "6NUR",
        3.869999885559082
      ],
      [
        "7C2K",
        4.809999942779541
      ],
      [
        "AF3",
        4.71999979019165
      ]
    ],
    "ASP274\u2014ARG111": [
      [
        "6NUR",
        4.0
      ]
    ],
    "ASP517\u2014LYS79": [
      [
        "6NUR",
        4.659999847412109
      ],
      [
        "7C2K",
        4.96999979019165
      ],
      [
        "AF3",
        4.840000152587891
      ]
    ],
    "ARG331\u2014ASP112": [
      [
        "AF3",
        4.699999809265137
      ]
    ]
  },
  "per_structure": {
    "7BV2": {
      "salt_bridges": [
        [
          "LYS332",
          "ASP99",
          3.890000104904175
        ],
        [
          "ASP523",
          "ARG80",
          3.5799999237060547
        ]
      ],
      "n_hbonds": 11,
      "n_hydrophobic": 60,
      "total_score": 77,
      "top20_NSP12": [
        [
          387,
          10
        ],
        [
          129,
          7
        ],
        [
          389,
          7
        ],
        [
          271,
          5
        ],
        [
          330,
          5
        ],
        [
          131,
          5
        ],
        [
          91,
          4
        ],
        [
          87,
          4
        ],
        [
          380,
          4
        ],
        [
          332,
          3
        ],
        [
          99,
          3
        ],
        [
          523,
          3
        ],
        [
          273,
          3
        ],
        [
          328,
          3
        ],
        [
          95,
          3
        ],
        [
          340,
          3
        ],
        [
          98,
          3
        ],
        [
          128,
          3
        ],
        [
          405,
          3
        ],
        [
          407,
          3
        ]
      ],
      "top20_NSP8": [
        [
          117,
          8
        ],
        [
          129,
          7
        ],
        [
          80,
          5
        ],
        [
          115,
          5
        ],
        [
          131,
          5
        ],
        [
          112,
          4
        ],
        [
          91,
          4
        ],
        [
          87,
          4
        ],
        [
          99,
          3
        ],
        [
          116,
          3
        ],
        [
          95,
          3
        ],
        [
          98,
          3
        ],
        [
          83,
          3
        ],
        [
          128,
          3
        ],
        [
          119,
          2
        ],
        [
          122,
          2
        ],
        [
          118,
          2
        ],
        [
          120,
          2
        ],
        [
          90,
          2
        ],
        [
          121,
          2
        ]
      ]
    },
    "6NUR": {
      "salt_bridges": [
        [
          "ASP274",
          "ARG111",
          4.0
        ],
        [
          "ASP517",
          "LYS79",
          4.659999847412109
        ],
        [
          "ASP523",
          "ARG80",
          3.869999885559082
        ]
      ],
      "n_hbonds": 14,
      "n_hydrophobic": 71,
      "total_score": 94,
      "top20_NSP12": [
        [
          387,
          11
        ],
        [
          117,
          8
        ],
        [
          129,
          7
        ],
        [
          389,
          7
        ],
        [
          330,
          6
        ],
        [
          131,
          6
        ],
        [
          274,
          5
        ],
        [
          517,
          5
        ],
        [
          271,
          5
        ],
        [
          273,
          5
        ],
        [
          380,
          4
        ],
        [
          121,
          4
        ],
        [
          523,
          3
        ],
        [
          328,
          3
        ],
        [
          120,
          3
        ],
        [
          340,
          3
        ],
        [
          341,
          3
        ],
        [
          375,
          3
        ],
        [
          383,
          3
        ],
        [
          128,
          3
        ]
      ],
      "top20_NSP8": [
        [
          117,
          8
        ],
        [
          111,
          7
        ],
        [
          129,
          7
        ],
        [
          131,
          6
        ],
        [
          79,
          5
        ],
        [
          80,
          5
        ],
        [
          91,
          5
        ],
        [
          87,
          5
        ],
        [
          115,
          4
        ],
        [
          116,
          4
        ],
        [
          95,
          4
        ],
        [
          121,
          4
        ],
        [
          120,
          3
        ],
        [
          98,
          3
        ],
        [
          83,
          3
        ],
        [
          90,
          3
        ],
        [
          128,
          3
        ],
        [
          119,
          2
        ],
        [
          122,
          2
        ],
        [
          112,
          2
        ]
      ]
    },
    "7C2K": {
      "salt_bridges": [
        [
          "LYS332",
          "ASP99",
          4.940000057220459
        ],
        [
          "ASP517",
          "LYS79",
          4.96999979019165
        ],
        [
          "ASP523",
          "ARG80",
          4.809999942779541
        ]
      ],
      "n_hbonds": 12,
      "n_hydrophobic": 66,
      "total_score": 87,
      "top20_NSP12": [
        [
          387,
          10
        ],
        [
          117,
          8
        ],
        [
          80,
          7
        ],
        [
          129,
          7
        ],
        [
          389,
          7
        ],
        [
          131,
          6
        ],
        [
          517,
          5
        ],
        [
          523,
          5
        ],
        [
          115,
          5
        ],
        [
          330,
          5
        ],
        [
          91,
          5
        ],
        [
          271,
          4
        ],
        [
          95,
          4
        ],
        [
          83,
          4
        ],
        [
          87,
          4
        ],
        [
          380,
          4
        ],
        [
          509,
          4
        ],
        [
          332,
          3
        ],
        [
          99,
          3
        ],
        [
          79,
          3
        ]
      ],