{
  "complex": "NSP9-NSP12",
  "primary_pdb": "8SQK",
  "note": "single PDB + AF3 only",
  "hotspots_NSP12": [
    38,
    1,
    3,
    4,
    96,
    733,
    202,
    103,
    221,
    233,
    291,
    2,
    223
  ],
  "hotspots_NSP9": [
    38,
    1,
    3,
    4,
    96,
    103,
    2,
    97
  ],
  "salt_bridges_all": {
    "ASP740\u2014LYS36": [
      [
        "AF3",
        4.920000076293945
      ]
    ],
    "GLU744\u2014LYS36": [
      [
        "AF3",
        3.7300000190734863
      ]
    ]
  },
  "per_structure": {
    "8SQK": {
      "salt_bridges": [],
      "n_hbonds": 7,
      "n_hydrophobic": 7,
      "total_score": 14,
      "top20_NSP12": [
        [
          38,
          4
        ],
        [
          1,
          4
        ],
        [
          3,
          4
        ],
        [
          4,
          4
        ],
        [
          96,
          4
        ],
        [
          733,
          4
        ],
        [
          202,
          2
        ],
        [
          103,
          2
        ],
        [
          221,
          2
        ],
        [
          232,
          2
        ],
        [
          233,
          2
        ],
        [
          291,
          2
        ],
        [
          2,
          2
        ],
        [
          204,
          1
        ],
        [
          223,
          1
        ],
        [
          231,
          1
        ],
        [
          97,
          1
        ]
      ],
      "top20_NSP9": [
        [
          38,
          4
        ],
        [
          1,
          4
        ],
        [
          3,
          4
        ],
        [
          4,
          4
        ],
        [
          96,
          4
        ],
        [
          103,
          2
        ],
        [
          2,
          2
        ],
        [
          97,
          1
        ]
      ]
    },
    "AF3": {
      "salt_bridges": [
        [
          "ASP740",
          "LYS36",
          4.920000076293945
        ],
        [
          "GLU744",
          "LYS36",
          3.7300000190734863
        ]
      ],
      "n_hbonds": 13,
      "n_hydrophobic": 9,
      "total_score": 28,
      "top20_NSP12": [
        [
          36,
          10
        ],
        [
          2,
          6
        ],
        [
          1,
          6
        ],
        [
          3,
          6
        ],
        [
          4,
          6
        ],
        [
          733,
          6
        ],
        [
          38,
          5
        ],
        [
          96,
          4
        ],
        [
          740,
          3
        ],
        [
          744,
          3
        ],
        [
          39,
          2
        ],
        [
          40,
          2
        ],
        [
          202,
          2
        ],
        [
          103,
          2
        ],
        [
          221,
          2
        ],
        [
          223,
          2
        ],
        [
          233,
          2
        ],
        [
          289,
          2
        ],
        [
          291,
          2
        ],
        [
          726,
          2
        ]
      ],
      "top20_NSP9": [
        [
          36,
          10
        ],
        [
          2,
          6
        ],
        [
          1,
          6
        ],
        [
          3,
          6
        ],
        [
          4,
          6
        ],
        [
          38,
          5
        ],
        [
          96,
          4
        ],
        [
          39,
          2
        ],
        [
          40,
          2
        ],
        [
          103,
          2
        ],
        [
          6,
          1
        ],
        [
          107,
          1
        ],
        [
          97,
          1
        ]
      ]
    }
  }
}